anuncios,5,10,2023,50
anuncios,6,10,2023,169
anuncios,7,10,2023,119
anuncios,8,10,2023,457
anuncios,9,10,2023,212
anuncios,10,10,2023,505
anuncios,11,10,2023,550
anuncios,12,10,2023,641
anuncios,13,10,2023,634
anuncios,14,10,2023,504
anuncios,15,10,2023,351
anuncios,16,10,2023,254
anuncios,17,10,2023,210
anuncios,18,10,2023,163
anuncios,19,10,2023,138
anuncios,20,10,2023,567
anuncios,21,10,2023,1114
anuncios,22,10,2023,936
anuncios,23,10,2023,396
anuncios,24,10,2023,206
anuncios,25,10,2023,100
anuncios,26,10,2023,275
anuncios,27,10,2023,296
anuncios,28,10,2023,334
anuncios,29,10,2023,381
anuncios,30,10,2023,288
anuncios,31,10,2023,287
anuncios,1,11,2023,270
anuncios,2,11,2023,214
anuncios,3,11,2023,225
anuncios,4,11,2023,268
anuncios,5,11,2023,225
anuncios,6,11,2023,193
anuncios,7,11,2023,289
compras,6,10,2023,50
compras,7,10,2023,328
compras,8,10,2023,213
compras,9,10,2023,232
compras,10,10,2023,155
compras,11,10,2023,148
compras,12,10,2023,135
compras,13,10,2023,181
compras,14,10,2023,174
compras,15,10,2023,167
compras,16,10,2023,118
compras,17,10,2023,46
compras,18,10,2023,70
compras,19,10,2023,32
compras,20,10,2023,194
compras,21,10,2023,627
compras,22,10,2023,369
compras,23,10,2023,141
compras,24,10,2023,152
compras,25,10,2023,88
compras,26,10,2023,92
compras,27,10,2023,85
compras,28,10,2023,141
compras,29,10,2023,106
compras,30,10,2023,88
compras,31,10,2023,120
compras,1,11,2023,75
compras,2,11,2023,92
compras,3,11,2023,80
compras,4,11,2023,102
compras,5,11,2023,18
compras,6,11,2023,51
android,6,10,2023,112768
android,7,10,2023,171093
android,8,10,2023,190357
android,9,10,2023,210697
android,10,10,2023,164892
android,11,10,2023,131409
android,12,10,2023,134274
android,13,10,2023,124084
android,14,10,2023,92620
android,15,10,2023,90479
android,16,10,2023,53082
android,17,10,2023,38501
android,18,10,2023,31190
android,19,10,2023,25379
android,20,10,2023,41201
android,21,10,2023,67989
android,22,10,2023,42458
android,23,10,2023,28064
android,24,10,2023,23246
android,25,10,2023,17519
android,26,10,2023,17366
android,27,10,2023,20963
android,28,10,2023,21367
android,29,10,2023,22462
android,30,10,2023,16733
android,31,10,2023,16034
android,1,11,2023,15859
android,2,11,2023,13901
android,3,11,2023,12703
android,4,11,2023,12256
android,5,11,2023,10597
android,6,11,2023,7200
apple,6,10,2023,0